Codigo_Produto;Largura;Comprimento;Area_Total;Area_Util;Numero_Linhas;Numero_Ruas;Quantidade_Adubo_Nitrogenado;Quantidade_Sementes
1;10.0;10.0;100.0;90.0;5.0;3.0;0.9;1377.5510204081634
1;10.0;10.0;100.0;41.66666666666666;7.0;3.0;0.4166666666666666;637.7551020408164
2;20.0;20.0;400.0;312.5;20.0;5.0;2.5;32894.73684210527
2;32.0;32.0;1024.0;992.0;11.0;6.0;7.936;104421.05263157896
